filename,annotation
03biz-tariffs-global-01-lgwv-articleLarge.jpg,"{ ""section_name"": ""Technology"", ""Explanation"": ""The image depicts a man holding a box with the text 'AGON' on it, and there are various electronic devices such as monitors, cables, and keyboards in the background. This suggests that the scene is set in an electronics or technology-related setting.""}"
24Apple-Investment-hkjm-articleLarge.jpg,"{ ""section_name"": ""Business"", ""Explanation"": ""The image features a group of people in business attire, suggesting that it may be related to a corporate event or meeting."" }"
02biz-appletariffs-hfo-1-jpwl-articleLarge.jpg,"{ ""section_name"": ""Technology"", ""Explanation"": ""The image depicts an Apple store with numerous iPhone displays and individuals examining them, suggesting an emphasis on technology."" }"
HFO-TIKTOKDELAY-lmhq-articleLarge.jpg,"{ ""section_name"": ""Technology"", ""Explanation"": ""The image depicts a modern cityscape with a prominent TikTok logo and AT&T sign, suggesting a focus on technology and social media.""}"
12trump-news-tariffs-exemptions2-fzwh-articleLarge.jpg,"{ ""section_name"": ""Technology"", ""Explanation"": ""The image depicts an Apple store with its iconic logo and signage, indicating that it belongs to the Technology category""}"
31icepeak-vbgq-articleLarge.jpg,"{ ""section_name"": ""Arts"", ""Explanation"": ""The man and woman are dressed as angels, wearing white feathered wings on their backs, posing for a photo shoot that appears to be related to art or fashion.""}"
18int-cambodia-xi-01-cljk-articleLarge.jpg,"{ ""section_name"": ""World"", ""Explanation"": "" The image depicts a group of people dressed in formal attire, likely representing different countries or cultures, as indicated by their diverse clothing and accessories.""}"
dc-pardons20-articleLarge.jpg,"{ ""section_name"": ""U.S."", ""Explanation"": ""The image depicts a man walking out of an entrance gate, possibly indicating that he has arrived at or left a location related to the United States.""}"
14earthmetals-explainer-fkbc-articleLarge.jpg,"{ ""section_name"": ""Arts"", ""Explanation"": ""The image depicts an artist at work in a studio setting, suggesting artistic activity"" }"
00myanmar-scam-centers-bztc-articleLarge.jpg,"{ ""section_name"": ""World"", ""Explanation"": ""The image depicts a large building situated on the bank of a river, surrounded by vegetation and possibly located in an urban or suburban area."" }"
00dc-scotus-pjfl-articleLarge.jpg,"{ ""section_name"": ""World"", ""Explanation"": ""The warehouse appears to be part of an international trade or import/export facility, as evidenced by the large stacks of goods and the presence of pallets with multiple languages written on them.""}"
25cul-trump-portrait-artist-articleLarge.jpg,"{ ""section_name"": ""Arts"", ""Explanation"": ""The image depicts a framed portrait of Donald Trump hanging on a wall, suggesting it is part of an art collection or display.""}"
15scotus-tiktok-arguments-VERSION-fkqb-articleLarge.jpg,"{ ""section_name"": ""Arts"", ""Explanation"": ""The image depicts the Supreme Court building in Washington D.C., which is an iconic representation of American culture and law.""}"
27dc-patel1-vfgq-articleLarge.jpg,"{ ""section_name"": ""World"", ""Explanation"": ""The image features a man and woman dressed in formal attire, suggesting a global or international setting."" }"
europe-ukraine-01-jbcg-articleLarge.jpg,"{ ""section_name"": ""World"", ""Explanation"": ""The image depicts a group of leaders from different countries standing on a staircase lined with flags from various nations, indicating an international gathering or meeting."" }"
11biz-trade-explainer-pqjh-articleLarge.jpg,"{ ""section_name"": ""World"", ""Explanation"": ""The image depicts a large cargo ship with multiple cranes and containers, suggesting global trade or shipping activities."" }"
12neh-1-hpfj-articleLarge.jpg,"{ ""section_name"": ""World"", ""Explanation"": ""The image depicts a woman standing behind a podium bearing the presidential seal, indicating that she is likely a representative or leader from the United States, hence the selection of 'World' as the most appropriate category."" }"
00ukraine-trump-minerals-01-jfwt-articleLarge.jpg,"{ ""section_name"": ""World"", ""Explanation"": ""This is an image of Donald Trump and Volodymyr Zelensky walking together in what appears to be an office building or similar setting.""}"
08biz-lawfirms-trump-01-fhmj-articleLarge.jpg,"{ ""section_name"": ""Technology"", ""Explanation"": ""The image depicts a large glass building that appears to be an office or commercial space, likely related to technology given its modern architecture and prominent location in a city."" }"
pol-ironrange-video-promo-articleLarge.jpg,"{ ""section_name"": ""Arts"", ""Explanation"": ""The image depicts a statue of a man standing on top of an object, possibly a ship or a boat, set against a cloudy sky.""}"
04dc-trump-iran-wvkl-articleLarge.jpg,"{ ""section_name"": ""World"", ""Explanation"": ""The image depicts people walking on a street in an urban area, with a large billboard featuring multiple individuals in the background, suggesting international or global news.""}"
12dc-trump-topart-jmfl-articleLarge.jpg,"{ ""section_name"": ""World"", ""Explanation"": ""The image features Donald Trump, the 45th President of the United States, standing at a podium with American flags and other symbols of authority in the background. The presence of these elements suggests that the image is related to international or global events"" }"
07Biz-China-Tsunami-pltw-articleLarge.jpg,"{ ""section_name"": ""World"", ""Explanation"": ""The image shows an industrial setting with workers and machinery, indicating that it is related to manufacturing or production.""}"
12int-ukraine-europe-01-qbck-articleLarge.jpg,"{ ""section_name"": ""World"", ""Explanation"": ""The image depicts a man sitting at a desk, likely in an office setting, surrounded by papers and files.""}"
00russia-kursk-01-qhkj-articleLarge.jpg,"{ ""section_name"": ""Technology"", ""Explanation"": ""The image depicts an armored vehicle with a large gun on top and what appears to be military-style tires, indicating that it is likely associated with technology or weapons"" }"
25dc-hegseth-jvlw-articleLarge.jpg,"{ ""section_name"": ""World"", ""Explanation"": ""The man walking down the street in a suit suggests that this is an international business news story.""}"
00China-hospitals-04-lzjv-articleLarge.jpg,"{ ""section_name"": ""World"", ""Explanation"": ""The image depicts people riding scooters on a city street, indicating everyday life in a global setting""}"
04latenight-articleLarge.jpg,"{ ""section_name"": ""World"", ""Explanation"": ""The image features a prominent government building with flags and official-looking individuals, suggesting that it may be related to international relations or politics""}"
NVIDIA-EARNINGS-1-pwjm-articleLarge.jpg,"{ ""section_name"": ""Technology"", ""Explanation"": ""The image features a large screen displaying the Nvidia logo and a man speaking on stage, indicating that it is related to technology."" }"
00biz-amazon-sellers1-wghf-articleLarge.jpg,"{ ""section_name"": ""Business"", ""Explanation"": ""The image depicts a warehouse setting with pallets and boxes stacked high on shelves, suggesting an industrial or commercial environment, indicating that this section would be appropriate."" }"
21ukraine-nkorea-03-hljt-articleLarge.jpg,"{ ""section_name"": ""World"", ""Explanation"": ""The image depicts a soldier operating an artillery weapon, indicating military activities on a global scale""}"
00biz-japan-tariffs-01-kbgm-articleLarge.jpg,"{ ""section_name"": ""Business"", ""Explanation"": ""The man in the foreground appears to be speaking at an event related to Toyota's business or operations, as indicated by the prominent display of their logo."" }"
31dc-trade-barriers-bkvm-articleLarge.jpg,"{ ""section_name"": ""World"", ""Explanation"": ""The image depicts a large ship navigating through a busy port, indicating global trade and commerce."" }"
09Tiktok-global-gpfh-articleLarge.jpg,"{ ""section_name"": ""Technology"", ""Explanation"": ""The image depicts the TikTok headquarters building, indicating that it belongs to the Technology category""}"
22sp-hkbasel-film-inyt-kmvc-articleLarge.jpg,"{ ""section_name"": ""World"", ""Explanation"": ""The image depicts a woman looking out at the Earth from space, indicating a global or universal theme"" }"
30trump-artscouncil-articleLarge.jpg,"{ ""section_name"": ""Arts"", ""Explanation"": ""The two individuals depicted in the image are likely artists or celebrities, given their elaborate outfits and jewelry"" }"
30trump-news-auto-prices-vwmp-articleLarge.jpg,"{ ""section_name"": ""World"", ""Explanation"": ""The image depicts a man walking through a parking lot, wearing a high-visibility vest and carrying a bag, suggesting he may be heading to work or on his way home from a job site, which is related to the World of business.""}"
09kyiv-symphony-ckzf-articleLarge.jpg,"{ ""section_name"": ""Arts"", ""Explanation"": ""The woman is playing a violin and sitting by a window, suggesting an artistic or musical setting"" }"
14kennedy-center-scene-1-zmgw-articleLarge.jpg,"{ ""section_name"": ""Arts"", ""Explanation"": ""The image features an art installation with a large sculpture and chandelier, suggesting that it is related to arts or culture.""}"
11DB-GREENLAND-articleLarge.jpg,"{ ""section_name"": ""World"", ""Explanation"": ""An airplane is seen taking off at an airport, indicating international travel and global connectivity""}"
10cul-netrebko-1-ljbt-articleLarge.jpg,"{ ""section_name"": ""Arts"", ""Explanation"": ""The woman's attire and pose suggest that she is an artist or performer, possibly from the music industry"" }"
21OPENAI-CHINA-vcpk-articleLarge.jpg,"{ ""section_name"": ""World"", ""Explanation"": ""The image features a large Chinese flag and a government building, which are symbols of the country's identity and governance""}"
01DC-SILENCE-wzch-cover-articleLarge.jpg,"{ ""section_name"": ""World"", ""Explanation"": "" The building in the background, with its distinctive design and architecture, suggests that it could be an important landmark or government institution, possibly located outside of the United States.""}"
13cul-khovanshchina-01-hjqf-articleLarge.jpg,"{ ""section_name"": ""Arts"", ""Explanation"": ""The image depicts two individuals posing on a stage set with blood splatters and stains, suggesting a dramatic or theatrical performance, likely an art-related activity""}"
15int-serbia-protest-01-hwgf-articleLarge.jpg,"{""section_name"": ""World"", ""Explanation"": ""The image depicts a large gathering or protest in a city, with smoke and lights indicating a dramatic scene.""}"
17china-retaliation-zltc-articleLarge.jpg,"{ ""section_name"": ""Technology"", ""Explanation"": ""The image depicts an electronic manufacturing facility, likely a semiconductor or microchip production line, as evidenced by rows of equipment and machinery.""}"
20inaugurtion-tv-zhtb-articleLarge.jpg,"{ ""section_name"": ""World"", ""Explanation"": ""The image depicts President Joe Biden delivering a speech at the US Capitol Building, accompanied by a large audience and American flags, indicating that this event pertains to world affairs"" }"
hfo-tiktok-down-lbkq-articleLarge.jpg,"{ ""section_name"": ""Technology"", ""Explanation"": ""The image features a large screen displaying various images and text related to TikTok, indicating it is a technology-related topic"" }"
30APPLE-bcgw-articleLarge.jpg,"{ ""section_name"": ""Technology"", ""Explanation"": ""The image depicts a large room filled with rows of tables featuring various electronic devices and equipment, suggesting that it may be related to an event or conference centered on technology."" }"
27DEEPSEEK-EXPLAINER-1-01-hpmc-articleLarge.jpg,"{ ""section_name"": ""Technology"", ""Explanation"": ""The image shows a hand holding a phone with a chatbot interface on the screen, indicating that it belongs to the Technology section."" }"
05mideast-crisis-global-reaction-mhct-articleLarge.jpg,"{ ""section_name"": ""World"", ""Explanation"": ""The image shows Donald Trump standing behind an American flag, indicating that it is related to World news"" }"
13russia-econ-zplb-articleLarge.jpg,"{ ""section_name"": ""World"", ""Explanation"": ""The image depicts a famous landmark and tourists visiting it"" }"
13dc-ai-rule-01-mthw-articleLarge.jpg,"{ ""section_name"": ""Technology"", ""Explanation"": ""The image depicts a person working on an electronic circuit board, surrounded by various components and tools, indicating that it falls under the category of Technology.""}"
31DeepSeek-Disinfo-vktb-articleLarge.jpg,"{ ""section_name"": ""World"", ""Explanation"": ""The image depicts a military parade in front of government buildings, indicating that it is related to world events""}"
15germany-economy-01-kbqz-articleLarge.jpg,"{ ""section_name"": ""Business"", ""Explanation"": "" The image depicts two men in suits sitting at a table with papers and coffee mugs, indicating a business setting.""}"
04dc-trump-01-jhgk-articleLarge.jpg,"{ ""section_name"": ""World"", ""Explanation"": ""The image depicts a group of men sitting behind a desk in an official-looking setting, possibly a government or diplomatic meeting, given the presence of an American flag and what appears to be a seal on the wall, which suggests international relations and diplomacy.""}"
22trump-news-janet-mills-qtpz-articleLarge.jpg,"{ ""section_name"": ""World"", ""Explanation"": ""The woman in the image appears to be pointing upwards towards something or someone, suggesting a sense of direction or guidance, possibly related to international affairs or global issues""}"
00biz-deepseek-washington-articleLarge.jpg,"{ ""section_name"": ""Arts"", ""Explanation"": ""The image depicts a whale in the center, surrounded by colorful dots and squiggly lines, suggesting an artistic representation or abstract illustration rather than a factual depiction."" }"
11bank-earns-zvhj-articleLarge.jpg,"{ ""section_name"": ""World"", ""Explanation"": ""The image depicts a man dressed in business attire, suggesting a global or international context."" }"
00tiktok-lobbying-qmpg-articleLarge.jpg,"{ ""section_name"": ""World"", ""Explanation"": ""The image depicts the United States Capitol building at night, which is a prominent landmark in Washington D.C., suggesting that the image is related to the World category"" }"
20dc-prexy-topart-fwhb-articleLarge.jpg,"{ ""section_name"": ""World"", ""Explanation"": ""The image depicts an airplane, suggesting international travel and global connections""}"
22skorea-takeover-01-lgtj-articleLarge.jpg,"{ ""section_name"": ""Arts"", ""Explanation"": ""The image depicts a modern office space with a statue and a potted plant, which suggests an artistic or cultural theme"" }"
31norway-ship-zmgh-articleLarge.jpg,"{""section_name"": ""World"", ""Explanation"": ""The image depicts a military operation room with individuals wearing military uniforms and headsets, indicating that it is related to global defense or security matters.""}"
OakArticle-67ad2963-kvzb-articleLarge.jpg,"{ ""section_name"": ""Technology"", ""Explanation"": ""The image depicts Elon Musk meeting with Donald Trump at the White House, indicating a discussion on technology and innovation between two prominent figures in this field"" }"
13trump-news-trump-tower-wbcf-articleLarge.jpg,"{ ""section_name"": ""World"", ""Explanation"": ""The image appears to be a protest or demonstration, as evidenced by the group of people holding signs and banners."" }"
05trump-winning-whgf-articleLarge.jpg,"{ ""section_name"": ""World"", ""Explanation"": "" The image depicts the President of the United States sitting at his desk in the Oval Office, surrounded by flags and other symbols of American patriotism.""}"
7canada-us-trudeau-jwqp-articleLarge.jpg,"{ ""section_name"": ""World"", ""Explanation"": ""The image depicts a man standing in front of a large Canadian flag, indicating that it is related to global or international events""}"
00dc-bessent-gvmc-articleLarge.jpg,"{ ""section_name"": ""World"", ""Explanation"": ""The image depicts Pierce Brosnan dressed as Mike Banning from the movie 'Angel Has Fallen', standing outside the White House and speaking to reporters, indicating that this category is most appropriate"" }"
22sp-hkbasel-interview-inyt-01-qbgz-articleLarge.jpg,"{ ""section_name"": ""World"", ""Explanation"": ""The image depicts an individual standing in front of a large screen displaying a cityscape at night, suggesting a global or international context.""}"
06int-global-trade-assess-kzvh-articleLarge-v2.jpg,"{ ""section_name"": ""World"", ""Explanation"": ""The image depicts former US President Donald Trump standing outside the White House, indicating that it is related to international news or events"" }"
06xp-soldiers-wthf-articleLarge.jpg,"{ ""section_name"": ""World"", ""Explanation"": ""The image depicts a military parade, specifically an army marching in formation on a field, which indicates that it falls under the category of World""}"
24putin-anniversary-hvgm-articleLarge.jpg,"{ ""section_name"": ""World"", ""Explanation"": ""The image depicts an army soldier operating a large machine gun during combat in a bunker.""}"
23int-russia-calvey-profile-01-jcgz-articleLarge.jpg,"{ ""section_name"": ""World"", ""Explanation"": ""The image depicts a man being photographed by multiple individuals, suggesting that he is a public figure or celebrity.""}"
06dc-trumo-topart-mqtv-articleLarge.jpg,"{ ""section_name"": ""Business"", ""Explanation"": ""The image depicts a sign outside an office building that reads 'Perkins Coie', indicating it belongs to the Business section."" }"
02bunch-smithsonian-02-articleLarge.jpg,"{ ""section_name"": ""World"", ""Explanation"": ""The man in the image appears to be wearing formal attire and standing in front of a window, suggesting that he may be an important or influential individual from another country."" }"
29DB-goldcard-hmgt-articleLarge.jpg,"{ ""section_name"": ""World"", ""Explanation"": ""The cityscape has skyscrapers and modern architecture indicating it is a major metropolitan area, likely in the World."" }"
15scotus-tiktok-china-law-lkgh-articleLarge.jpg,"{ ""section_name"": ""Technology"", ""Explanation"": ""The image depicts a man standing in front of a desk and a neon TikTok logo on the wall behind him, indicating that the image is related to technology or online media.""}"
00bitcoin-reserve-articleLarge.jpg,"{ ""section_name"": ""Business"", ""Explanation"": ""The image features an American flag with a Bitcoin symbol integrated into it, indicating that the topic is related to business or finance.""}"
12trump-news-header-wzbg-articleLarge.jpg,"{ ""section_name"": ""World"", ""Explanation"": "" The image depicts people holding signs, suggesting that it is related to a protest or demonstration about world issues.""}"
13DC-POWERS-mbfj-articleLarge.jpg,"{ ""section_name"": ""World"", ""Explanation"": ""The image depicts the Capitol Building in Washington D.C., indicating that it is related to World affairs"" }"
20inaug-howtowatch-kmqc-articleLarge.jpg,"{ ""section_name"": ""World"", ""Explanation"": ""The image depicts the United States Capitol building, which is a prominent landmark associated with global politics and international relations."" }"
28tetzlaff-bfkz-articleLarge.jpg,"{ ""section_name"": ""Arts"", ""Explanation"": ""The image depicts an orchestra performing on stage, with musicians playing various instruments and one conductor leading them.""}"
27newworld-articleLarge.jpg,"{ ""section_name"": ""World"", ""Explanation"": ""The image depicts people standing around a brick wall that has been damaged, revealing a red and white lighthouse behind it, indicating a global event or issue.""}"
17trump-news-pence-inauguration1-hgfp-articleLarge.jpg,"{ ""section_name"": ""World"", ""Explanation"": ""The image depicts two men shaking hands, while others stand by looking on. The formal attire and setting suggest an international diplomatic meeting.""}"
25int-europe-singal-diplo-01-fmhg-articleLarge.jpg,"{ ""section_name"": ""World"", ""Explanation"": ""The image depicts a meeting or conference involving multiple people from different countries and cultures"" }"
14finland-ukraine-fkgj-articleLarge.jpg,"{ ""section_name"": ""World"", ""Explanation"": ""The image depicts a man wearing a tan baseball cap and black knit sweater sitting next to an older woman in a courtroom setting. The presence of legal documents on the table suggests that the individuals are involved in a court case, which is related to global events.""}"
02db-newsletter-markets-tqck-articleLarge.jpg,"{ ""section_name"": ""Business"", ""Explanation"": ""The image features the New York Stock Exchange building and the American flag, indicating a connection to finance or business"" }"
17tvcol-residence-articleLarge.jpg,"{ ""section_name"": ""Arts"", ""Explanation"": ""The image depicts a formal setting with people dressed in attire typical of a high-society event or an art gallery, indicating that it is related to Arts"" }"
31cul-smithsonian-art-01-wkph-articleLarge.jpg,"{ ""section_name"": ""Arts"", ""Explanation"": ""The image depicts the National Portrait Gallery building, which is primarily focused on art and portraiture, indicating that it falls under the 'Arts' category.""}"
03europe-defense-jzhb-articleLarge.jpg,"{ ""section_name"": ""World"", ""Explanation"": ""The image depicts a scene involving military personnel and equipment, suggesting international or global involvement""}"
chinese-MFA-spokesperson--articleLarge.jpg,"{ ""section_name"": ""World"", ""Explanation"": ""The image depicts a man standing at a podium with microphones and Chinese characters on the wall behind him, indicating a news conference or press event related to international affairs"" }"
02dc-unfairtrade-mwvk-articleLarge.jpg,"{ ""section_name"": ""World"", ""Explanation"": ""The image depicts a large cargo ship navigating through a busy shipping lane, indicating global trade and commerce."" }"
00int-nepal-drones-01-mbgf-articleLarge.jpg,"{ ""section_name"": ""World"", ""Explanation"": ""The silhouette of a person on top of a mountain against a cloudy sky represents global or international themes""}"
10trump-trial-sketch-cmkb-articleLarge.jpg,"{""section_name"": ""Arts"", ""Explanation"": "" The image depicts people taking selfies, indicating an event or gathering related to self-expression and creativity, typical of Arts.""}"
09strategies-illo-articleLarge.jpg,"{ ""section_name"": ""Business"", ""Explanation"": ""The image depicts a pair of feet standing on a red scale with a dollar sign, indicating that it is related to weight loss or financial concerns.""}"
02syria-saudi-kltq-articleLarge.jpg,"{ ""section_name"": ""World"", ""Explanation"": ""The image depicts two men shaking hands, one dressed in traditional Middle Eastern attire and the other in a suit, indicating an international or global context."" }"
00musk-mother-01-lhjk-articleLarge.jpg,"{ ""section_name"": ""Business"", ""Explanation"": ""The image depicts an elderly woman in a red business suit sitting on a chair with a microphone in front of her, indicating that the context of the image is related to Business""}"
02tariffs-live-china-response-pmhb-articleLarge.jpg,"{ ""section_name"": ""World"", ""Explanation"": ""The image depicts a large ship carrying numerous containers, indicating international trade and commerce.""}"
17nat-dei-k12-01-vzlj-articleLarge.jpg,"{ ""section_name"": ""Bsiness"", ""Explanation"": ""The image depicts a row of school buses parked on the side of a road, suggesting that it may be related to education or transportation services"" }"
17historians-veto-mglq-articleLarge.jpg,"{ ""section_name"": ""Business"", ""Explanation"": ""The image depicts an event related to the American Historical Association, which suggests that it is a professional or academic gathering focused on historical research and discussion.""}"
06intl-wfzq-articleLarge.jpg,"{ ""section_name"": ""World"", ""Explanation"": "" The image depicts a scene from an 1800s-style movie or TV show, showcasing a man and woman dressed in period attire standing in front of ornate wallpaper and furnishings, with candles on the wall and flowers on a table.""}"
24dc-prexy-bfgp-articleLarge-v2.jpg,"{ ""section_name"": ""World"", ""Explanation"": ""The image depicts a group of journalists surrounding an individual, likely a politician or public figure, indicating that this is a news event related to global affairs""}"
11ukraine-casualties-01-ftbq-articleLarge.jpg,"{ ""section_name"": ""World"", ""Explanation"": ""The image depicts a cemetery with multiple tombstones and statues, indicating that it is a significant historical or cultural site."" }"
28myanmar-ledeall-1-ckqp-articleLarge.jpg,"{ ""section_name"": ""World"", ""Explanation"": "" The image depicts a scene of destruction and chaos, with buildings destroyed and rubble scattered all over the street, suggesting that it is related to a global event or conflict.""}"
27Spassky-kzvt-articleLarge.jpg,"{ ""section_name"": ""Arts"", ""Explanation"": ""The image shows a man playing chess, suggesting that it may be related to competitive or professional games, which falls under the category of Arts.""}"
04google-china-jtqk-articleLarge.jpg,"{ ""section_name"": ""Technology"", ""Explanation"": ""The image depicts the Google headquarters, featuring the iconic Google logo and a modern glass building, indicating that the image pertains to technology.""}"
19dc-trump-uncertainty-clhm-articleLarge-v2.jpg,"{""section_name"": ""Business"", ""Explanation"": ""The image depicts a bustling port area with numerous shipping containers and cranes, indicating commercial activity related to international trade.""}"
NETREBKO-17-zkcl-articleLarge.jpg,"{ ""section_name"": ""Arts"", ""Explanation"": ""The woman is wearing an elegant dress and has her hair styled in a sophisticated manner."" }"
03cul-smirnova-04-jpkz-articleLarge.jpg,"{ ""section_name"": ""Arts"", ""Explanation"": ""The woman in the image is posing in a dramatic and artistic manner, with her arm raised above her head and her hand curled into a fist. This suggests that the focus of the image is on art or performance.""}"
25Mazur-01-lwjc-articleLarge.jpg,"{ ""section_name"": ""Business"", ""Explanation"": ""In this image, several men wearing suits and ties are seen shaking hands while standing next to one another. They appear to be conducting business-related activities"" }"
04RATMANSKY-05-glmz-articleLarge.jpg,"{ ""section_name"": ""Arts"", ""Explanation"": ""The image depicts a group of ballet dancers performing on stage, showcasing their skills and artistry."" }"
07ukraine-satellite2-gjtq-articleLarge.jpg,"{ ""section_name"": ""Business"", ""Explanation"": ""The image depicts a large building with several cars parked outside and a road leading to it, suggesting a commercial or industrial setting""}"
25apple-trump-fzvp-articleLarge.jpg,"{ ""section_name"": ""Technology"", ""Explanation"": ""The image features multiple iPhone 12 Pro and 16 models arranged on a table or shelf, showcasing various phone options for customers to compare.""}"
00nw-tradewar-articleLarge.jpg,"{ ""section_name"": ""World"", ""Explanation"": ""The image depicts two hands pointing towards each other over an orange background, with Chinese and American flags on either side. The illustration appears to be about tensions between China and the US.""}"
TIKTOK-BUSINESS-1-fgwq-articleLarge.jpg,"{ ""section_name"": ""World"", ""Explanation"": ""The American flag being flown at half-mast suggests that the event or occasion depicted in the image is related to an international news headline.""}"
22META-1-qzhl-articleLarge.jpg,"{ ""section_name"": ""World"", ""Explanation"": ""The image depicts President Donald Trump standing at a podium, raising his fist and wearing formal attire, suggesting that it was taken during an official event or ceremony on a world stage."" }"
19trump-tiktok-fjqm-articleLarge.jpg,"{ ""section_name"": ""World"", ""Explanation"": ""The image appears to be taken at night or indoors, featuring a man in a suit and tie, suggesting an international business meeting"" }"
28dc-assess1-plhw-articleLarge.jpg,"{ ""section_name"": ""World"", ""Explanation"": ""The image shows two world leaders sitting together and talking, indicating that it belongs to the World category.""}"
09latenight-articleLarge.jpg,"{ ""section_name"": ""World"", ""Explanation"": ""The image features a news anchor or journalist discussing the tariffs imposed by Trump on China, indicating global economic issues."" }"
17russia-navalny-fgpq-articleLarge.jpg,"{ ""section_name"": ""World"", ""Explanation"": ""The image depicts three men standing behind bars, accompanied by two police officers. The scene suggests that they are being detained or held for questioning, which falls under the category of World events.""}"
00hfo-crypto-order-lkcw-articleLarge.jpg,"{ ""section_name"": ""Technology"", ""Explanation"": ""The image appears to be related to cryptocurrency, specifically Bitcoin, as indicated by the prominent display of the Bitcoin logo and the mention of 'bitcoin 2024' in the background.""}"
tbhm-articleLarge.jpg,"{ ""section_name"": ""World"", ""Explanation"": ""The man in the photo wears overalls and works on the steel beam using a chain, indicating that this scene takes place at a construction site or factory.""}"
03cul-monstrous-beauty-met-01-cmhz-articleLarge.jpg,"{ ""section_name"": ""Arts"", ""Explanation"": ""The image depicts an art gallery or museum featuring various sculptures on display.""}"
23dc-trump-press-hbvw-articleLarge.jpg,"{ ""section_name"": ""World"", ""Explanation"": ""The image depicts a scene with world flags and a person holding a cell phone, indicating global significance""}"
OakArticle-678fe2bb-altman-tbhp-articleLarge.jpg,"{ ""section_name"": ""Business"", ""Explanation"": ""The image shows three men dressed in suits and ties, suggesting a formal business setting or meeting."" }"
08dc-assess-01-khfv-articleLarge.jpg,"{ ""section_name"": ""World"", ""Explanation"": ""The image depicts former President Donald Trump, who served as the 45th President of the United States from 2017 to 2021.""}"
17Int-Russia-fjpc-articleLarge.jpg,"{ ""section_name"": ""World"", ""Explanation"": ""The image depicts a man sitting at a desk, looking at a large screen displaying multiple people on it, suggesting an international or global meeting or conference.""}"
00biz-trump-antitrust-1-pjvq-articleLarge.jpg,"{ ""section_name"": ""Arts"", ""Explanation"": ""The image shows a large white building with a stone carving above the door that appears to be classical architecture, and there are two sconces on either side of the entrance, suggesting a formal or cultural institution.""}"
11db-trump-xi-qtpc-articleLarge.jpg,"{ ""section_name"": ""World"", ""Explanation"": ""The image depicts two world leaders standing next to each other in front of their respective countries' flags, indicating an international meeting or summit""}"
20tvpres-czlm-articleLarge.jpg,"{ ""section_name"": ""Arts"", ""Explanation"": ""The image features an American flag and various decorative items on a desk, suggesting an office or workspace in the arts field.""}"
xxjan6-history-top-glbc-articleLarge.jpg,"{ ""section_name"": ""Arts"", ""Explanation"": ""The image depicts a group of individuals gathered outside the US Capitol building, some holding flags and banners, suggesting that they are participating in or protesting an event related to art or cultural expression.""}"
00Russia-sanctions-01-fwjp-articleLarge.jpg,"{ ""section_name"": ""World"", ""Explanation"": ""The image depicts an older woman walking down steps outside of a building with a blue sign that says BEPA (Bulgarian Economic Policy Agency) and has foreign language text on it. The presence of the agency's logo and the fact that it is located outside, suggests that this is related to economic policy or international relations."" }"
10CUL-NEH-HEROES-ckfp-articleLarge.jpg,"{ ""section_name"": ""World"", ""Explanation"": ""The image features a prominent monument and a leader from the US, indicating that it pertains to global events or international relations""}"
04pritzker-prize-01-jbwl-articleLarge.jpg,"{ ""section_name"": ""World"", ""Explanation"": ""The man in the photo has gray hair and appears to be wearing a black shirt, indicating that he may be an older adult from a different culture or background."" }"
15dc-trump-capitulate-fmtb-articleLarge.jpg,"{ ""section_name"": ""World"", ""Explanation"": ""The image shows Donald Trump sitting at a desk in an office setting, wearing a suit and tie, indicating that it is related to international or global politics""}"
20Watching-Gate-articleLarge.jpg,"{ ""section_name"": ""World"", ""Explanation"": ""The woman in the red dress appears to be a famous actress or dancer, possibly performing in a show, as she is wearing a costume and appears to be rehearsing with other dancers.""}"
15putin-europe-01-czbg-articleLarge.jpg,"{ ""section_name"": ""World"", ""Explanation"": "" The image shows Russian President Vladimir Putin sitting at a desk, indicating that it is related to international affairs or global politics."" }"
xxnewworld-illo-articleLarge.jpg,"{ ""section_name"": ""World"", ""Explanation"": ""The image depicts a man in a suit sitting at a desk surrounded by papers and pens, indicating that he is working on a global issue or project.""}"
11nat-trans-language-healthcare-mfwv-articleLarge.jpg,"{ ""section_name"": ""World"", ""Explanation"": ""The image depicts a group of people holding signs and banners, protesting outside a hospital, indicating a global concern or issue related to healthcare.""}"
18cul-kennedy-center-vzwj-articleLarge.jpg,"{ ""section_name"": ""World"", ""Explanation"": ""The image depicts Joe Biden standing behind a podium at an event, which suggests that it may be related to international affairs or global politics.""}"
19tiktok-messages-1-bghm-articleLarge.jpg,"{ ""section_name"": ""World"", ""Explanation"": ""The image depicts an individual holding up their phone to display a video or social media content related to world news.""}"
15china-us-rights-01-wmhp-articleLarge.jpg,"{ ""section_name"": ""World"", ""Explanation"": ""The image depicts an American flag waving in front of a city skyline with multiple skyscrapers and cranes, indicating that it is related to global or international affairs."" }"
10dc-memo-topart-cgtz-articleLarge.jpg,"{ ""section_name"": ""World"", ""Explanation"": ""The image appears to be related to world news or international relations, as it features a prominent political figure from the United States."" }"
00techgiants-trump-combo-articleLarge.jpg,"{ ""section_name"": ""Technology"", ""Explanation"": ""The image features two prominent figures from the technology industry, Satya Nadella and Sundar Pichai, both wearing dark-colored attire, suggesting a professional or formal setting related to their respective companies."" }"
08gulf-trump-hbjt-articleLarge.jpg,"{ ""section_name"": ""World"", ""Explanation"": ""The image depicts people standing on the shore and watching the sunset over the ocean, which is often associated with relaxation and leisure activities""}"
18cul-smithsonian-zwbg-articleLarge.jpg,"{ ""section_name"": ""Arts"", ""Explanation"": ""The building in the image has architectural features and banners indicating it to be an art museum.""}"
10markets-tariffs-hollywood-movies-mkpj-articleLarge.jpg,"{ ""section_name"": ""Arts"", ""Explanation"": ""The image features a woman walking past posters and red Chinese lanterns on the wall, indicating an artistic or cultural event.""}"
14Fay--06-pkzf-articleLarge.jpg,"{ ""section_name"": ""Arts"", ""Explanation"": ""The image depicts an art installation featuring various sculptures and objects arranged in a creative manner.""}"
00deport-tech-1-czqj-articleLarge.jpg,"{ ""section_name"": ""World"", ""Explanation"": ""The image depicts U.S. Border Patrol agents processing individuals at an immigration checkpoint, suggesting that it relates to global or international issues."" }"
21int-ukraine-energy01-photo-hqfk-articleLarge.jpg,"{ ""section_name"": ""World"", ""Explanation"": ""The image depicts a man standing amidst the ruins of a destroyed house, indicating that it is related to the World category"" }"
21ukraine-trump-01-mvck-articleLarge.jpg,"{ ""section_name"": ""Business"", ""Explanation"": ""The image depicts a warehouse or industrial area with large piles of coal and a blue truck, indicating business-related activities such as transportation and logistics.""}"
19panama-deportation-btkc-articleLarge.jpg,"{ ""section_name"": ""World"", ""Explanation"": ""The image depicts a group of individuals being escorted by law enforcement or security personnel, suggesting an international or global context."" }"
biz-nintendo-tariffs-02-pgfv-articleLarge.jpg,"{""section_name"": ""Technology"", ""Explanation"": "" The image depicts two men sitting on a couch watching a video game that they are playing together.""}"
11ukraine-nkorea-kgbz-articleLarge.jpg,"{ ""section_name"": ""Arts"", ""Explanation"": ""The image depicts an old armored vehicle driving on a muddy road, suggesting that it may be related to military or historical events, which falls under the Arts category"" }"
25biz-signal-faq-pghw-articleLarge.jpg,"{ ""section_name"": ""Business"", ""Explanation"": ""The image appears to be taken during a business meeting or conference, as indicated by the formal attire and professional setting."" }"
05greent-trump-lbtz-articleLarge.jpg,"{ ""section_name"": ""World"", ""Explanation"": "" The image depicts a small town situated on a rocky coastline in a cold region, likely in the Arctic Circle.""}"
DC-JOHNSON-UKRAINE-wqfh-articleLarge.jpg,"{ ""section_name"": ""World"", ""Explanation"": ""The image depicts a man in a suit and tie standing at a podium, suggesting that he may be giving a speech or presentation related to international affairs or global issues.""}"
28dc-gabbard01a-photo-fmvw-articleLarge.jpg,"{ ""section_name"": ""World"", ""Explanation"": ""The image depicts a group of formally dressed individuals gathered around a table, possibly engaged in an official meeting or press conference, suggesting a global or international context""}"
09dc-prexy-topart-wckb-articleLarge.jpg,"{ ""section_name"": ""World"", ""Explanation"": ""The image depicts a man standing behind a microphone on an outdoor stage, likely giving a speech or presentation to an audience."" }"
19latenight-articleLarge.jpg,"{ ""section_name"": ""Arts"", ""Explanation"": ""The image depicts Jimmy Fallon in front of a blue curtain, suggesting that he is likely on stage or in a performance setting."" }"
10DC-GABBARD-cmtk-articleLarge.jpg,"{ ""section_name"": ""World"", ""Explanation"": ""The woman appears to be speaking on a stage or podium at the United Nations, indicating that she is likely discussing global politics or international relations."" }"
20int-ukraine-easter-01-wpbc-articleLarge.jpg,"{ ""section_name"": ""World"", ""Explanation"": ""The image depicts a man running through a tunnel covered in camouflage netting, which suggests a military or tactical context.""}"
11dc-trump-econ-ztbq-articleLarge-v2.jpg,"{ ""section_name"": ""World"", ""Explanation"": ""The image depicts a man standing on an airplane staircase, wearing a red hat and black jacket, waving to someone below, suggesting international travel or diplomacy.""}"
16tiktok-notebook-lead-fkzt-articleLarge.jpg,"{ ""section_name"": ""World"", ""Explanation"": ""The image shows a man waving hello to TikTok refugees, indicating that the topic is related to global events or issues."" }"
04skorea-yoon-fkcp-articleLarge.jpg,"{ ""section_name"": ""World"", ""Explanation"": ""The image depicts people holding flags and signs that represent different nations, indicating international involvement"" }"
00fong-obit-gpbj-articleLarge.jpg,"{ ""section_name"": ""World"", ""Explanation"": ""The man in the image appears to be Asian and is waving at the camera, indicating that he might be attending an international event or meeting.""}"
17int-china-tariff-diplo-01-qztw-articleLarge.jpg,"{ ""section_name"": ""World"", ""Explanation"": ""The image depicts a meeting or conference involving multiple individuals dressed in formal attire, likely representing different countries or organizations, suggesting an international gathering.""}"
12Gubaidulina--mcjb-articleLarge.jpg,"{ ""section_name"": ""World"", ""Explanation"": ""The image depicts an elderly woman in a red shirt and black jacket, suggesting a connection to global events or issues."" }"
29cul-smithsonian-explainer-articleLarge.jpg,"{ ""section_name"": ""Arts"", ""Explanation"": ""The image features an ornate stone archway with intricate carvings and a sign that reads 'Smithsonian Institution', indicating a connection to the arts."" }"
24ukraine-deal-1-qwlv-articleLarge.jpg,"{ ""section_name"": ""World"", ""Explanation"": ""The image depicts a woman standing amidst a room filled with debris and broken furniture, indicating that it has been affected by war.""}"
30gabbard-takeaways-qvbj-articleLarge.jpg,"{""section_name"": ""Business"", ""Explanation"": ""The image depicts a woman in a professional setting, likely in a courtroom or office space, suggesting a business-related context.""}"
11trump-news-tesla-event-hjqp-articleLarge.jpg,"{ ""section_name"": ""Business"", ""Explanation"": ""The image depicts two men standing next to red and blue cars, suggesting a business or corporate setting"" }"
biz-15nvidia-mpcv-articleLarge.jpg,"{ ""section_name"": ""Technology"", ""Explanation"": ""The image depicts an electronic circuit board featuring various components such as microchips and wires.""}"
12TAN-ARCHIVE-01-ctbv-articleLarge.jpg,"{ ""section_name"": ""Arts"", ""Explanation"": ""The image depicts a woman posing in front of a red wall, wearing sunglasses and a black outfit adorned with pins or patches featuring female figures, suggesting an artistic or fashion-related theme.""}"
SKorea-DeepSeek-thzg-articleLarge.jpg,"{ ""section_name"": ""Technology"", ""Explanation"": ""The image features a news article about DeepSeek and YTN, two prominent technology companies.""}"
25BIZ-TIKTOK-2-chwp-articleLarge.jpg,"{ ""section_name"": ""Business"", ""Explanation"": ""The image shows a billboard advertising Taco Bell and a quote from a business owner on TikTok, indicating that the topic of the article is related to business."" }"
Biz-Tariffs-SEA-vlpf-articleLarge.jpg,"{ ""section_name"": ""Business"", ""Explanation"": ""Two women are working together in a factory setting, likely manufacturing or assembling products, indicating business-related activity""}"
00roose-articleLarge.jpg,"{ ""section_name"": ""Technology"", ""Explanation"": ""The image features the TikTok logo, which is a social media platform known for its video-sharing capabilities and popular among younger generations."" }"
TARIFF-SHEIN-bfcm-articleLarge.jpg,"{ ""section_name"": ""World"", ""Explanation"": ""The image depicts a large quantity of items in plastic bags with the word 'SHEIN' printed on them, suggesting that they are clothing or fashion-related products, which would be categorized under World.""}"
DEEPSEEK-IMPRESSIONS-TIANANMEN-tqzl-articleLarge.jpg,"{ ""section_name"": ""World"", ""Explanation"": ""The image depicts a large building with Chinese writing on it and people gathered outside, indicating cultural or historical significance""}"
14Kukkapuro--mhvc-articleLarge.jpg,"{ ""section_name"": ""Arts"", ""Explanation"": ""The image depicts a man sitting in a room with art pieces on the wall, indicating that this image falls under the Arts category"" }"
00tangs-giving-hvfg-articleLarge.jpg,"{ ""section_name"": ""Arts"", ""Explanation"": ""The image depicts two people standing on a stage or auditorium, suggesting that they are involved in some form of performance or entertainment."" }"
china-censor-gckt-articleLarge.jpg,"{ ""section_name"": ""World"", ""Explanation"": ""The image features a woman standing in front of a brick wall and a bush, wearing a black shirt and necklace, which suggests that she may be from or have connections to another country, hence the annotation for World""}"
28crypto-bittorrent-zlgv-articleLarge.jpg,"{ ""section_name"": ""Business"", ""Explanation"": ""The image depicts three men wearing lanyards and badges, suggesting they are attending a business conference or networking event.""}"
07int-russia-ovechkin-putin-001-articleLarge.jpg,"{ ""section_name"": ""World"", ""Explanation"": ""The image depicts a hockey game between two teams, one wearing blue and orange uniforms and the other wearing white and red uniforms.""}"
00ftc-firing-hfo-czlf-articleLarge.jpg,"{ ""section_name"": ""World"", ""Explanation"": ""The image depicts a formal setting with flags and portraits on the wall, indicating an official or government-related event. The presence of a microphone suggests that the event may be related to diplomacy or international relations.""}"
01bizz-tiktok-lfwg-articleLarge.jpg,"{ ""section_name"": ""U.S."", ""Explanation"": ""The image shows former US President Donald Trump sitting at his desk in the Oval Office of the White House, holding a pen and writing on a piece of paper.""}"
24Germany-Merz-vwfc-articleLarge.jpg,"{""section_name"": ""World"", ""Explanation"": ""The man is wearing a suit and tie, and there is a sign that says 'CDU' behind him, indicating that this image relates to World news""}"
10biz-chips-act-zqmg-articleLarge.jpg,"{ ""section_name"": ""World"", ""Explanation"": ""The American flag on the building indicates that this image is related to the country or its culture."" }"
00ulbricht-ticktock-hcvz-articleLarge.jpg,"{ ""section_name"": ""Business"", ""Explanation"": ""The image depicts a conference or business meeting with attendees holding signs that read 'FREE ROSS', suggesting a focus on business-related issues.""}"
ROOSE-market-btgv-articleLarge.jpg,"{ ""section_name"": ""Business"", ""Explanation"": ""The image depicts a city street with a large screen displaying stock market information and news headlines."" }"
09sp-design-ukraine-02-fzvm-articleLarge.jpg,"{ ""section_name"": ""Arts"", ""Explanation"": ""The image features two sculptures resembling human figures covered in small stones or pebbles, which is typical of artistic expression""}"
21trump-news-migrant-parole1-kmfw-articleLarge.jpg,"{ ""section_name"": ""World"", ""Explanation"": ""The image depicts a large group of people exiting an airplane, likely returning from international travel or arriving at their destination after a long journey.""}"
26tallchief-pvfc-articleLarge.jpg,"{ ""section_name"": ""Arts"", ""Explanation"": ""The image depicts a ballet dancer in mid-performance, showcasing her technique and artistry""}"
15dc-courts-01-phtb-articleLarge.jpg,"{""section_name"": ""Arts"", ""Explanation"": ""The image features a white building with intricate carvings and sculptures on its facade, which suggests an artistic or cultural context""}"
2025-02-03-tariff-explainer-index-articleLarge-v2.jpg,"{ ""section_name"": ""U.S."", ""Explanation"": ""The image depicts a ship at sea, indicating transportation and shipping, which falls under the category of U.S."" }"
China-Pharma-Censor-cjkl-articleLarge.jpg,"{ ""section_name"": ""World"", ""Explanation"": ""The image depicts two people standing inside a store or shop, wearing medical masks and one person wearing what appears to be a lab coat, indicating that they are in a healthcare setting, possibly a pharmacy or clinic, which is relevant to the World category."" }"
31dc-trump-asdw-articleLarge.jpg,"{ ""section_name"": ""World"", ""Explanation"": ""The image features Donald Trump and Melania Trump, indicating that it is related to world events or international news."" }"
00Biz-China-RareEarths-11-twkq-articleLarge.jpg,"{ ""section_name"": ""World"", ""Explanation"": "" The man appears to be wearing traditional clothing, and the background suggests an outdoor setting with mountains or hills, which could indicate it's from a country in Asia or Africa"" }"
16Biz-Stocks-ltbp-articleLarge.jpg,"{ ""section_name"": ""Technology"", ""Explanation"": ""The prominent logo on the building suggests that this image is related to technology or an IT company, likely NVIDIA""}"
16Slovakia-Fico-01-tkhj-articleLarge.jpg,"{ ""section_name"": ""World"", ""Explanation"": ""The image depicts two individuals standing outdoors, one holding a microphone and the other holding papers. They appear to be engaged in some form of public speaking or presentation, possibly related to international affairs or global issues.""}"
30nat-skaters-03-vhgt-articleLarge.jpg,"{ ""section_name"": ""World"", ""Explanation"": ""The image depicts an ice rink with flags from two countries, indicating that it may be related to international or global events or activities.""}"
21biz-trump-times-tcgp-articleLarge.jpg,"{ ""section_name"": ""World"", ""Explanation"": ""The image features Donald Trump, the 45th President of the United States, who has been involved in various international events and policies, indicating that this image pertains to global affairs"" }"
10kennedycenter1-tjqz-articleLarge.jpg,"{ ""section_name"": ""Arts"", ""Explanation"": ""The building has a modern design and is likely an art museum or gallery.""}"
26trump-chevron-hvfl-articleLarge.jpg,"{ ""section_name"": ""World"", ""Explanation"": ""The image depicts an oil pump jack in a field, indicating that it's related to the global energy industry""}"
03tariffs-live-factcheck-lkvm-articleLarge.jpg,"{""section_name"": ""World"", ""Explanation"": ""The image depicts an elderly woman wearing a pink coat and hat, pushing a shopping cart through the produce section of a grocery store, indicating that she is shopping for groceries.""}"
22sp-hkbasel-lam-inyt-01-hwtq-articleLarge.jpg,"{ ""section_name"": ""Arts"", ""Explanation"": "" The image depicts a woman in handcuffs, wearing an outfit that resembles a performance costume, suggesting that she may be involved in some form of artistic expression or entertainment.""}"
18biz-chips-panic-01-glpt-articleLarge.jpg,"{ ""section_name"": ""Technology"", ""Explanation"": ""The image features a prominent sign that reads 'HUAWEI' and appears to be part of a building or office space related to technology, indicating its relevance to this category."" }"
19europe-diplo-01-jwhg-articleLarge.jpg,"{ ""section_name"": ""World"", ""Explanation"": ""The image depicts three men in suits standing on steps outside a building with large paintings and stone columns, indicating an event or meeting at a government or diplomatic location.""}"
29OPENAI-DEEPSEEK-app-hbql-articleLarge.jpg,"{ ""section_name"": ""Technology"", ""Explanation"": "" The image depicts a smartphone displaying a chatbot interface on its screen"" }"
19cul-schiff-1-wclt-articleLarge.jpg,"{ ""section_name"": ""Arts"", ""Explanation"": ""The man in the image appears to be conducting an orchestra or giving a speech related to music, as he has his hands raised and is facing towards a group of people who are likely musicians.""}"
00-vance-tiktok-01-cwmb-articleLarge.jpg,"{ ""section_name"": ""World"", ""Explanation"": ""The image depicts a group of suited men walking through an open door, suggesting that they are likely attending a high-level meeting or event related to international affairs.""}"
11latenight-articleLarge.jpg,"{ ""section_name"": ""Arts"", ""Explanation"": ""The man on stage appears to be dressed like a comedian, judging by his attire and posture.""}"
21biz-stocks-promo-hblf-articleLarge.jpg,"{ ""section_name"": ""Business"", ""Explanation"": ""The image depicts a person wearing a blue blazer and standing in front of multiple screens displaying stock market data, indicating that it is related to finance or business.""}"
OakArticle-67d97d06-wgkb-articleLarge.jpg,"{ ""section_name"": ""Business"", ""Explanation"": ""The man in the image is wearing a suit and tie, indicating that he is likely a businessman or executive."" }"
04db-markets-lmpz-articleLarge.jpg,"{ ""section_name"": ""World"", ""Explanation"": ""The image shows stock prices and market data on a screen, indicating that it is related to global financial news or trends.""}"
15int-ukraine-sumy-02-wgkm-articleLarge.jpg,"{ ""section_name"": ""World"", ""Explanation"": ""The image shows emergency responders sitting on a bench inside what appears to be a building damaged by an explosion or earthquake.""}"
19CUL-TRUMP-HISTORY1-gwhv-articleLarge.jpg,"{ ""section_name"": ""World"", ""Explanation"": ""The image depicts a couple standing on stage at an event in front of Mt Rushmore, a famous monument featuring four presidents' faces, located in South Dakota, USA.""}"
09trump-news-security-clearance-mfkg-articleLarge.jpg,"{ ""section_name"": ""U.S."", ""Explanation"": ""The image depicts two men walking together in suits and ties, suggesting that they are likely involved in business or politics related to the United States."" }"
01russia-putin-01-bgvm-articleLarge.jpg,"{ ""section_name"": ""World"", ""Explanation"": ""The image features Russian President Vladimir Putin sitting at a desk, indicating that it is related to global politics and international affairs""}"
01biz-auto-sales-tmfg-articleLarge.jpg,"{ ""section_name"": ""Technology"", ""Explanation"": ""The image depicts an assembly line in a factory setting, where workers are engaged in manufacturing and quality control processes, suggesting that it is related to technology."" }"
29meta-deepseek-meta-vhfg-articleLarge.jpg,"{ ""section_name"": ""Technology"", ""Explanation"": ""The image depicts an infinity symbol on a sign outside a building, indicating that the image falls under the Technology category.""}"
30dc-fed-01-hkqt-articleLarge.jpg,"{ ""section_name"": ""World"", ""Explanation"": ""The image depicts two trucks parked in front of a large pile of shipping containers, indicating international trade and global commerce"" }"
04dc-trade-deficit-qwkg-articleLarge.jpg,"{ ""section_name"": ""Business"", ""Explanation"": ""The image depicts a shipping container and a person in a yellow vest, suggesting that it is related to logistics or transportation, making Business the most appropriate category."" }"
CHINA-RECOUPLING-10-zfjl-articleLarge.jpg,"{ ""section_name"": ""World"", ""Explanation"": ""This photograph depicts a man in the process of transporting an item from one place to another, suggesting international trade or global commerce practices.""}"
12biz-northvolt-wzlq-articleLarge.jpg,"{ ""section_name"": ""World"", ""Explanation"": ""The image depicts a large industrial building and parking lot covered in snow, indicating winter conditions and possibly transportation or logistics-related activities"" }"
22dc-trump-emboldened-articleLarge.jpg,"{ ""section_name"": ""World"", ""Explanation"": ""The image depicts a man signing an important document, possibly indicating a significant international agreement or treaty being signed."" }"
13Biz-STOCKS-UNCERTAIN-kzlj-articleLarge.jpg,"{ ""section_name"": ""World"", ""Explanation"": ""The American flag pin on the suit jacket and the USA flag embroidered on the tie are symbols of American pride and patriotism, indicating that this image belongs to the 'U.S.' category"" }"
00heirs-pissarro-vhcb-articleLarge.jpg,"{ ""section_name"": ""Arts"", ""Explanation"": ""The image depicts an art gallery or museum setting, showcasing framed paintings on the wall"" }"
07biz-tiktok-zqjh-articleLarge.jpg,"{ ""section_name"": ""World"", ""Explanation"": ""This picture depicts an airplane cabin containing Donald Trump, former President of the United States.""}"
xxukraine-pow-wife-01-vlwz-articleLarge.jpg,"{ ""section_name"": ""Arts"", ""Explanation"": ""The image depicts a woman sitting cross-legged on her bed, holding a phone and looking at it with a neutral expression, suggesting she is either taking a selfie or watching something on her phone, which is related to the arts category."" }"
25int-ukraine-russia-talks-bqcl-articleLarge.jpg,"{ ""section_name"": ""World"", ""Explanation"": ""The image depicts an urban skyline at dusk or dawn, featuring numerous buildings and structures, indicating it is a cityscape in the World category.""}"
26techfix-articleLarge.jpg,"{ ""section_name"": ""Technology"", ""Explanation"": ""The image depicts multiple cell phones and tablets being used by people in various settings, such as outdoors and indoors, indicating that the subject matter relates to technology."" }"
07markets-tariffs-navarro-cgjb-articleLarge.jpg,"{ ""section_name"": ""World"", ""Explanation"": ""The two men are dressed in suits and appear to be engaged in an official capacity, possibly at a press conference or government event, given their formal attire and serious demeanor.""}"
10dc-rubio-topart-hqwt-articleLarge.jpg,"{ ""section_name"": ""World"", ""Explanation"": ""The image depicts a formal meeting or conference involving world leaders and dignitaries, indicating international relations and global politics""}"
13OPENAI-1-fkqc-articleLarge.jpg,"{ ""section_name"": ""Business"", ""Explanation"": ""The image depicts a large building, likely an office or commercial space, with multiple floors and windows, suggesting a business-related context""}"
00paolozampolli-01-vwhb-articleLarge.jpg,"{ ""section_name"": ""Business"", ""Explanation"": ""The image depicts a man in a suit standing next to a large metal bull statue, which is commonly associated with financial markets and investments.""}"
CHINA-AI-vjfl-articleLarge.jpg,"{ ""section_name"": ""Technology"", ""Explanation"": ""The image features a close-up view of an NVIDIA graphics card, indicating that it is related to technology"" }"
20dc-econ-pgjq-articleLarge.jpg,"{ ""section_name"": ""World"", ""Explanation"": ""The image depicts a busy street scene with people walking and cars driving by, indicating that it represents everyday life in a large city."" }"
13latenight-articleLarge.jpg,"{ ""section_name"": ""Arts"", ""Explanation"": "" The image appears to be from an entertainment program, as indicated by the man being lifted up on another man's shoulders, suggesting that it may be part of a performance or show.""}"
13dc-tariffs-inflation-01-wthk-articleLarge.jpg,"{ ""section_name"": ""World"", ""Explanation"": "" The image depicts a busy shipping port with numerous cargo ships and cranes, indicating international trade and commerce."" }"
dc-immig1-cvjf-articleLarge.jpg,"{ ""section_name"": ""World"", ""Explanation"": ""The image depicts a large group of people gathered on a street, with signs and flags indicating a protest or demonstration related to global issues.""}"
04db-crypto-reserve-wwk-lwht-articleLarge.jpg,"{ ""section_name"": ""Business"", ""Explanation"": ""The image appears to be taken at a business conference or trade show, likely related to cryptocurrency or blockchain technology given the prominent display of Bitcoin and other digital currency symbols.""}"
27sp-museums-aiweiwei-01-fqjg-articleLarge.jpg,"{ ""section_name"": ""Arts"", ""Explanation"": "" The man in front of a large installation consisting of numerous bicycles, suggesting an artistic or creative display""}"
